{
  "IcoMoonType": "selection",
  "icons": [
    {
      "icon": {
        "paths": [
          "M592.128 511.957l244.395-243.84c9.968-10.266 16.113-24.29 16.113-39.75 0-31.529-25.559-57.088-57.088-57.088-15.46 0-29.485 6.145-39.764 16.126l0.014-0.014-243.797 244.395-243.797-244.395c-10.33-10.33-24.6-16.719-40.363-16.719-31.525 0-57.081 25.556-57.081 57.081 0 15.763 6.389 30.033 16.719 40.363l0 0 244.395 243.84-244.395 243.84c-10.401 10.297-16.841 24.578-16.841 40.363s6.44 30.066 16.836 40.358l0.005 0.005c10.292 10.411 24.574 16.859 40.363 16.859s30.070-6.448 40.357-16.853l0.005-0.005 243.797-244.437 243.84 244.437c10.29 10.398 24.564 16.837 40.341 16.837s30.051-6.439 40.336-16.832l0.005-0.005c10.369-10.311 16.787-24.588 16.787-40.363s-6.418-30.051-16.785-40.36l-0.003-0.003-244.395-243.797z"
        ],
        "attrs": [
          {
            "fill": "rgb(94, 110, 130)",
            "opacity": 0.7
          }
        ],
        "isMulticolor": false,
        "isMulticolor2": false,
        "grid": 0,
        "tags": [
          "modal-close"
        ]
      },
      "attrs": [
        {
          "fill": "rgb(94, 110, 130)",
          "opacity": 0.7
        }
      ],
      "properties": {
        "order": 10,
        "id": 0,
        "name": "modal-close",
        "prevSize": 32
      },
      "setIdx": 0,
      "setId": 5,
      "iconIdx": 0
    }
  ],
  "height": 1024,
  "preferences": {
    "showGlyphs": true,
    "showQuickUse": true,
    "showQuickUse2": true,
    "showSVGs": true,
    "fontPref": {
      "prefix": "icon-",
      "metadata": {
        "fontFamily": "icomoon"
      },
      "metrics": {
        "emSize": 1024,
        "baseline": 6.25,
        "whitespace": 50
      },
      "embed": false
    },
    "imagePref": {
      "prefix": "icon-",
      "png": true,
      "useClassSelector": true,
      "color": 0,
      "bgColor": 16777215,
      "classSelector": ".icon",
      "name": "icomoon",
      "height": 32,
      "columns": 16,
      "margin": 16
    },
    "historySize": 50,
    "showCodes": true,
    "gridSize": 16
  }
}